CREATE DATABASE  IF NOT EXISTS `hamburgueria` /*!40100 DEFAULT CHARACTER SET utf8mb4 COLLATE utf8mb4_general_ci */ /*!80016 DEFAULT ENCRYPTION='N' */;
USE `hamburgueria`;
-- MySQL dump 10.13  Distrib 8.0.21, for Win64 (x86_64)
--
-- Host: localhost    Database: hamburgueria
-- ------------------------------------------------------
-- Server version	8.0.21

/*!40101 SET @OLD_CHARACTER_SET_CLIENT=@@CHARACTER_SET_CLIENT */;
/*!40101 SET @OLD_CHARACTER_SET_RESULTS=@@CHARACTER_SET_RESULTS */;
/*!40101 SET @OLD_COLLATION_CONNECTION=@@COLLATION_CONNECTION */;
/*!50503 SET NAMES utf8 */;
/*!40103 SET @OLD_TIME_ZONE=@@TIME_ZONE */;
/*!40103 SET TIME_ZONE='+00:00' */;
/*!40014 SET @OLD_UNIQUE_CHECKS=@@UNIQUE_CHECKS, UNIQUE_CHECKS=0 */;
/*!40014 SET @OLD_FOREIGN_KEY_CHECKS=@@FOREIGN_KEY_CHECKS, FOREIGN_KEY_CHECKS=0 */;
/*!40101 SET @OLD_SQL_MODE=@@SQL_MODE, SQL_MODE='NO_AUTO_VALUE_ON_ZERO' */;
/*!40111 SET @OLD_SQL_NOTES=@@SQL_NOTES, SQL_NOTES=0 */;

--
-- Table structure for table `ingrediente`
--

DROP TABLE IF EXISTS `ingrediente`;
/*!40101 SET @saved_cs_client     = @@character_set_client */;
/*!50503 SET character_set_client = utf8mb4 */;
CREATE TABLE `ingrediente` (
  `id` int NOT NULL AUTO_INCREMENT,
  `descricao` varchar(45) NOT NULL,
  `valor` decimal(6,2) NOT NULL DEFAULT '0.00',
  PRIMARY KEY (`id`)
) ENGINE=InnoDB AUTO_INCREMENT=7 DEFAULT CHARSET=utf8mb4 COLLATE=utf8mb4_general_ci;
/*!40101 SET character_set_client = @saved_cs_client */;

--
-- Dumping data for table `ingrediente`
--

LOCK TABLES `ingrediente` WRITE;
/*!40000 ALTER TABLE `ingrediente` DISABLE KEYS */;
INSERT INTO `ingrediente` VALUES (1,'Alface',0.40),(2,'Bacon',2.00),(3,'Hamburguer',3.00),(4,'Ovo',0.80),(5,'Queijo',1.50);
/*!40000 ALTER TABLE `ingrediente` ENABLE KEYS */;
UNLOCK TABLES;

--
-- Table structure for table `lanche`
--

DROP TABLE IF EXISTS `lanche`;
/*!40101 SET @saved_cs_client     = @@character_set_client */;
/*!50503 SET character_set_client = utf8mb4 */;
CREATE TABLE `lanche` (
  `id` int NOT NULL AUTO_INCREMENT,
  `nome` varchar(45) NOT NULL,
  PRIMARY KEY (`id`)
) ENGINE=InnoDB AUTO_INCREMENT=5 DEFAULT CHARSET=utf8mb4 COLLATE=utf8mb4_general_ci;
/*!40101 SET character_set_client = @saved_cs_client */;

--
-- Dumping data for table `lanche`
--

LOCK TABLES `lanche` WRITE;
/*!40000 ALTER TABLE `lanche` DISABLE KEYS */;
INSERT INTO `lanche` VALUES (1,'X-Bacon'),(2,'X-Burger'),(3,'X-Egg'),(4,'X-Egg Bacon');
/*!40000 ALTER TABLE `lanche` ENABLE KEYS */;
UNLOCK TABLES;

--
-- Table structure for table `lanche_ingrediente`
--

DROP TABLE IF EXISTS `lanche_ingrediente`;
/*!40101 SET @saved_cs_client     = @@character_set_client */;
/*!50503 SET character_set_client = utf8mb4 */;
CREATE TABLE `lanche_ingrediente` (
  `lanche_id` int NOT NULL,
  `ingrediente_id` int NOT NULL,
  `id` bigint NOT NULL,
  PRIMARY KEY (`lanche_id`,`ingrediente_id`),
  KEY `fk_lanche_has_ingrediente_ingrediente1_idx` (`ingrediente_id`),
  KEY `fk_lanche_has_ingrediente_lanche_idx` (`lanche_id`),
  CONSTRAINT `fk_lanche_has_ingrediente_ingrediente1` FOREIGN KEY (`ingrediente_id`) REFERENCES `ingrediente` (`id`),
  CONSTRAINT `fk_lanche_has_ingrediente_lanche` FOREIGN KEY (`lanche_id`) REFERENCES `lanche` (`id`)
) ENGINE=InnoDB DEFAULT CHARSET=utf8mb4 COLLATE=utf8mb4_general_ci;
/*!40101 SET character_set_client = @saved_cs_client */;

--
-- Dumping data for table `lanche_ingrediente`
--

LOCK TABLES `lanche_ingrediente` WRITE;
/*!40000 ALTER TABLE `lanche_ingrediente` DISABLE KEYS */;
INSERT INTO `lanche_ingrediente` VALUES (1,2,1),(1,3,2),(1,5,3),(2,3,4),(2,5,5),(3,3,7),(3,4,6),(3,5,8),(4,2,10),(4,3,11),(4,4,9),(4,5,12);
/*!40000 ALTER TABLE `lanche_ingrediente` ENABLE KEYS */;
UNLOCK TABLES;

--
-- Table structure for table `permission`
--

DROP TABLE IF EXISTS `permission`;
/*!40101 SET @saved_cs_client     = @@character_set_client */;
/*!50503 SET character_set_client = utf8mb4 */;
CREATE TABLE `permission` (
  `id` bigint NOT NULL AUTO_INCREMENT,
  `description` varchar(255) DEFAULT NULL,
  PRIMARY KEY (`id`)
) ENGINE=InnoDB AUTO_INCREMENT=3 DEFAULT CHARSET=utf8mb4 COLLATE=utf8mb4_general_ci;
/*!40101 SET character_set_client = @saved_cs_client */;

--
-- Dumping data for table `permission`
--

LOCK TABLES `permission` WRITE;
/*!40000 ALTER TABLE `permission` DISABLE KEYS */;
INSERT INTO `permission` VALUES (1,'ADMIN'),(2,'USER');
/*!40000 ALTER TABLE `permission` ENABLE KEYS */;
UNLOCK TABLES;

--
-- Table structure for table `user_permission`
--

DROP TABLE IF EXISTS `user_permission`;
/*!40101 SET @saved_cs_client     = @@character_set_client */;
/*!50503 SET character_set_client = utf8mb4 */;
CREATE TABLE `user_permission` (
  `id_user` bigint NOT NULL,
  `id_permission` bigint NOT NULL,
  PRIMARY KEY (`id_user`,`id_permission`),
  KEY `fk_user_permission_permission` (`id_permission`),
  CONSTRAINT `fk_user_permission` FOREIGN KEY (`id_user`) REFERENCES `users` (`id`),
  CONSTRAINT `fk_user_permission_permission` FOREIGN KEY (`id_permission`) REFERENCES `permission` (`id`)
) ENGINE=InnoDB DEFAULT CHARSET=utf8mb4 COLLATE=utf8mb4_general_ci;
/*!40101 SET character_set_client = @saved_cs_client */;

--
-- Dumping data for table `user_permission`
--

LOCK TABLES `user_permission` WRITE;
/*!40000 ALTER TABLE `user_permission` DISABLE KEYS */;
INSERT INTO `user_permission` VALUES (1,1),(1,2);
/*!40000 ALTER TABLE `user_permission` ENABLE KEYS */;
UNLOCK TABLES;

--
-- Table structure for table `users`
--

DROP TABLE IF EXISTS `users`;
/*!40101 SET @saved_cs_client     = @@character_set_client */;
/*!50503 SET character_set_client = utf8mb4 */;
CREATE TABLE `users` (
  `id` bigint NOT NULL AUTO_INCREMENT,
  `user_name` varchar(255) DEFAULT NULL,
  `password` varchar(255) DEFAULT NULL,
  `account_non_expired` bit(1) DEFAULT NULL,
  `account_non_locked` bit(1) DEFAULT NULL,
  `credentials_non_expired` bit(1) DEFAULT NULL,
  `enabled` bit(1) DEFAULT NULL,
  PRIMARY KEY (`id`),
  UNIQUE KEY `uk_user_name` (`user_name`)
) ENGINE=InnoDB AUTO_INCREMENT=2 DEFAULT CHARSET=utf8mb4 COLLATE=utf8mb4_general_ci;
/*!40101 SET character_set_client = @saved_cs_client */;

--
-- Dumping data for table `users`
--

LOCK TABLES `users` WRITE;
/*!40000 ALTER TABLE `users` DISABLE KEYS */;
INSERT INTO `users` VALUES (1,'juan','$2a$16$9qr2tv0HmXbHBsx.TZFjfux742wCZM32a8Wi6iBqwIqaizlHPuxHS',_binary '',_binary '',_binary '',_binary '');
/*!40000 ALTER TABLE `users` ENABLE KEYS */;
UNLOCK TABLES;
/*!40103 SET TIME_ZONE=@OLD_TIME_ZONE */;

/*!40101 SET SQL_MODE=@OLD_SQL_MODE */;
/*!40014 SET FOREIGN_KEY_CHECKS=@OLD_FOREIGN_KEY_CHECKS */;
/*!40014 SET UNIQUE_CHECKS=@OLD_UNIQUE_CHECKS */;
/*!40101 SET CHARACTER_SET_CLIENT=@OLD_CHARACTER_SET_CLIENT */;
/*!40101 SET CHARACTER_SET_RESULTS=@OLD_CHARACTER_SET_RESULTS */;
/*!40101 SET COLLATION_CONNECTION=@OLD_COLLATION_CONNECTION */;
/*!40111 SET SQL_NOTES=@OLD_SQL_NOTES */;

-- Dump completed on 2020-10-18 22:45:39
